Site,Genus,Species,Source,Laminar L:W Ratio,Elliptic,Obovate,Ovate,Oblong,Linear,Medial Symmetry,Base Symmetry,Lobation,Margin Type,Apex Angle,Base Angle,Primary Vein Framework,Major Secondary Framework,Major Secondary Spacing,Major Secondary Attachment to Midvein,Intercostal Tertiary Vein Fabric,Course of percurrent tertiaries,Angle of percurrent tertiaries,Intercostal Tertiary Vein Angle Variability,Quaternary Vein Fabric,Tooth Spacing,# Orders of Teeth,Sinus Shape
Badger's Nose,Parrotia,brevipetiolata,Meyer and Manchester 1998,1.9,0,0,0,1,1,0,2,0,2,0,2,0,0,0,NA,0,NA,1,NA,3,1,0,1
Badger's Nose,Magnolia,dayana,Klucking 1964,NA,1,1,1,1,1,NA,NA,NA,NA,NA,NA,NA,NA,NA,NA,NA,NA,NA,NA,NA,NA,NA,NA
Badger's Nose,Rosa,hilliae,From picture,2,0,1,1,1,1,1,2,0,1,0,0,0,1,0,NA,NA,NA,NA,NA,NA,1,0,0
Badger's Nose,Alnus,newberryi,Meyer and Manchester 1998,2,1,1,0,1,1,NA,2,0,1,0,2,0,0,NA,NA,0,0,NA,NA,3,0,1,0
Badger's Nose,Plafkeria,obliquifolia,From picture,1.5,1,1,0,1,1,2,2,0,NA,NA,1,1,6,3,2,0,0,3,NA,0,NA,NA,NA
Badger's Nose,Cercidiphyllum,sp,Meyer and Manchester 1998 (modified based on Myers 2003),1,0,1,0,1,1,NA,NA,0,2,1,3,1,6,NA,NA,0,NA,NA,NA,NA,0,0,0
Bridge Creek (Butler Basin),Paracarpinus,chaneyi,Manchester and Crane 1987,3,0,1,0,1,1,0,0,0,1,0,1,0,0,NA,NA,0,0,NA,NA,NA,0,1,0
Bridge Creek (Butler Basin),Quercus,consimilis,Meyer and Manchester 1998,3,0,1,0,1,1,NA,1,0,NA,0,0,0,7,NA,NA,0,NA,NA,NA,3,1,0,1
Bridge Creek (Butler Basin),Cercidiphyllum,crenatum,Meyer and Manchester 1998,1,0,1,0,1,1,NA,NA,0,2,1,4,1,6,NA,NA,0,NA,NA,NA,NA,0,0,0
Bridge Creek (Butler Basin),Alnus,heterodonta,Meyer and Manchester 1998,1.5,0,1,0,1,1,NA,2,0,1,0,3,0,0,NA,NA,0,0,NA,NA,0,1,1,0
Bridge Creek (Butler Basin),Alnus,newberryi,Meyer and Manchester 1998,2,0,1,0,1,1,NA,2,0,1,0,2,0,0,NA,NA,0,0,NA,NA,3,0,1,0
Bridge Creek (Butler Basin),Fagus,pacifica,Meyer and Manchester 1998,1.5,1,1,0,1,1,0,0,0,1,0,1,0,0,NA,NA,0,0,NA,NA,NA,0,1,1
Bridge Creek (Butler Basin),Pterocarya,sp,Meyer and Manchester 1998,3.5,0,1,0,1,1,2,2,0,1,0,1,0,6,NA,NA,0,0,NA,NA,NA,0,0,0
Bridge Creek (Butler Basin),Malus,NA,Meyer and Manchester 1998,2.2,0,1,1,1,1,NA,0,0,1,1,0,0,6,NA,NA,NA,NA,NA,NA,4,0,0,2
Bridge Creek (Cove Creek),Paracarpinus,chaneyi,Manchester and Crane 1987,3,0,1,0,1,1,0,0,0,1,0,1,0,0,NA,NA,0,0,NA,NA,NA,0,1,0
Bridge Creek (Cove Creek),Quercus,consimilis,Meyer and Manchester 1998,3,0,1,0,1,1,NA,1,0,NA,0,0,0,7,NA,NA,0,NA,NA,NA,3,1,0,1
Bridge Creek (Cove Creek),Amelanchier,covea,From picture,1.5,0,1,1,1,1,0,0,0,1,2,1,0,1,NA,NA,0,0,NA,NA,3,0,0,0
Bridge Creek (Cove Creek),Cercidiphyllum,crenatum,Meyer and Manchester 1998,1,0,1,0,1,1,NA,NA,0,2,1,4,1,6,NA,NA,0,NA,NA,NA,NA,0,0,0
Bridge Creek (Cove Creek),Acer,glabroides,Wolfe and Tanai 1988,1,0,1,1,1,1,NA,0,1,1,0,3,1,0,NA,NA,NA,NA,NA,NA,NA,0,1,1
Bridge Creek (Cove Creek),Amelanchier,grayi,Meyer and Manchester 1998,1.5,1,0,0,1,1,0,0,0,1,1,2,0,0,NA,0,0,0,3,NA,NA,0,0,0
Bridge Creek (Cove Creek),Alnus,heterodonta,Meyer and Manchester 1998,1.5,0,1,0,1,1,NA,2,0,1,0,3,0,0,NA,NA,0,0,NA,NA,0,1,1,0
Bridge Creek (Cove Creek),Tilia,lamottei,Meyer and Manchester 1998,1,1,1,0,1,1,2,2,0,1,NA,4,1,0,3,NA,0,0,NA,NA,3,1,0,0
Bridge Creek (Cove Creek),Crataegus,merriami,From picture,2,0,1,0,1,1,2,2,1,1,1,2,0,0,3,0,NA,NA,NA,NA,NA,1,1,0
Bridge Creek (Cove Creek),Cedrela,merrillii,Meyer and Manchester 1998,NA,0,1,1,1,1,NA,2,0,2,0,2,0,3,0,NA,0,1,NA,NA,NA,1,0,1
Bridge Creek (Cove Creek),Alnus,newberryi,Meyer and Manchester 1998,2,0,1,0,1,1,NA,2,0,1,0,2,0,0,NA,NA,0,0,NA,NA,3,0,1,0
Bridge Creek (Cove Creek),Plafkeria,obliquifolia,From picture,1.5,1,1,0,1,1,2,2,0,NA,NA,1,1,6,3,2,0,0,3,NA,0,NA,NA,NA
Bridge Creek (Cove Creek),Acer,oligomedianum,Wolfe and Tanai 1988,0.8,0,1,1,1,1,0,0,1,1,0,3,2,0,NA,NA,0,NA,NA,NA,3,0,1,0
Bridge Creek (Cove Creek),Pterocarya,sp,Meyer and Manchester 1998,3.5,0,1,0,1,1,2,2,0,1,0,1,0,6,NA,NA,0,0,NA,NA,NA,0,0,0
Bridge Creek (Crooked River),Betula,angustifolia,Meyer and Manchester 1998,2,1,1,0,1,1,2,NA,0,1,0,2,0,0,NA,0,0,NA,3,NA,NA,0,1,0
Bridge Creek (Crooked River),Quercus,berryi,Meyer and Manchester 1998,3,0,0,0,1,1,0,0,0,NA,0,1,0,7,1,NA,0,NA,3,NA,3,1,0,1
Bridge Creek (Crooked River),Paliurus,blakei,Meyer and Manchester 1998,1.7,1,1,0,1,1,0,2,0,1,0,3,3,3,4,NA,0,0,3,NA,3,1,0,0
Bridge Creek (Crooked River),Paracarpinus,chaneyi,Manchester and Crane 1987,3,0,1,0,1,1,0,0,0,1,0,1,0,0,NA,NA,0,0,NA,NA,NA,0,1,0
Bridge Creek (Crooked River),Quercus,consimilis,Meyer and Manchester 1998,3,0,1,0,1,1,NA,1,0,NA,0,0,0,7,NA,NA,0,NA,NA,NA,3,1,0,1
Bridge Creek (Crooked River),Platanus,exaspera,Meyer and Manchester 1998,1,0,0,0,1,1,0,0,1,1,0,3,1,0,3,NA,0,0,NA,NA,3,0,1,1
Bridge Creek (Crooked River),Acer,glabroides,Wolfe and Tanai 1988,1,0,1,1,1,1,NA,0,1,1,0,3,1,0,NA,NA,NA,NA,NA,NA,NA,0,1,1
Bridge Creek (Crooked River),Amelanchier,grayi,Meyer and Manchester 1998,1.5,1,0,0,1,1,0,0,0,1,1,2,0,0,NA,0,0,0,3,NA,NA,0,0,0
Bridge Creek (Crooked River),Alnus,heterodonta,Meyer and Manchester 1998,1.5,0,1,0,1,1,NA,2,0,1,0,3,0,0,NA,NA,0,0,NA,NA,0,1,1,0
Bridge Creek (Crooked River),Rosa,hilliae,From picture,2,0,1,1,1,1,1,2,0,1,0,0,0,1,0,NA,NA,NA,NA,NA,NA,1,0,0
Bridge Creek (Crooked River),Cinnamomophyllum,knowltonii,Meyer and Manchester 1998,3,0,1,1,1,1,NA,NA,0,NA,NA,0,0,3,NA,NA,0,0,3,NA,3,NA,NA,NA
Bridge Creek (Crooked River),Cedrelospermum,lineatum,From picture,2.5,0,1,0,1,1,2,2,0,1,0,1,0,0,1,NA,0,0,NA,NA,3,0,0,0
Bridge Creek (Crooked River),Acer,manchesteri,Wolfe and Tanai 1988,2,0,1,0,1,1,0,0,1,1,0,3,1,0,1,NA,0,1,NA,NA,3,1,1,0
Bridge Creek (Crooked River),Crataegus,merriami,From picture,2,0,1,0,1,1,2,2,1,1,1,2,0,0,3,0,NA,NA,NA,NA,NA,1,1,0
Bridge Creek (Crooked River),Cedrela,merrillii,Meyer and Manchester 1998,NA,0,1,1,1,1,NA,2,0,2,0,2,0,3,0,NA,0,1,NA,NA,NA,1,0,1
Bridge Creek (Crooked River),Plafkeria,obliquifolia,From picture,1.5,1,1,0,1,1,2,2,0,NA,NA,1,1,6,3,2,0,0,3,NA,0,NA,NA,NA
Bridge Creek (Crooked River),Ostrya,oregoniana,From picture,2,1,1,0,1,1,0,0,0,1,0,2,0,0,3,NA,0,0,NA,NA,NA,0,2,0
Bridge Creek (Crooked River),Acer,osmonti,Wolfe and Tanai 1988,1,1,1,1,1,1,0,0,1,1,0,4,1,6,0,NA,0,NA,NA,NA,4,1,0,1
Bridge Creek (Crooked River),Fagus,pacifica,Meyer and Manchester 1998,1.5,1,1,0,1,1,0,0,0,1,0,1,0,0,NA,NA,0,0,NA,NA,NA,0,1,1
Bridge Creek (Crooked River),Fothergilla,praeovata,Meyer and Manchester 1998,1.7,1,1,0,1,1,0,0,0,2,0,1,0,0,3,NA,0,NA,NA,NA,3,1,0,1
Bridge Creek (Crooked River),Litseaphyllum,presanguinea,From picture,2.5,0,1,1,1,1,0,NA,0,NA,0,0,0,3,1,NA,1,NA,NA,NA,3,NA,NA,NA
Bridge Creek (Crooked River),Pterocarya,sp,Meyer and Manchester 1998,3.5,0,1,0,1,1,2,2,0,1,0,1,0,6,NA,NA,0,0,NA,NA,NA,0,0,0
Bridge Creek (Crooked River),Acer,sp 1,Wolfe and Tanai 1988,0.8,0,1,1,1,1,0,0,1,1,0,3,2,0,NA,NA,0,NA,NA,NA,3,0,1,0
Bridge Creek (Crooked River),Dicot,sp 21,Meyer and Manchester 1998,NA,0,1,1,1,1,0,NA,0,NA,0,0,0,6,1,NA,0,0,NA,NA,NA,NA,NA,NA
Bridge Creek (Crooked River),Dicot,sp 23,Meyer and Manchester 1998,4,0,1,1,1,1,0,0,0,NA,0,0,0,6,0,NA,NA,NA,NA,NA,NA,NA,NA,NA
Bridge Creek (Fossil),Acer,ashwillii,Wolfe and Tanai 1988,1,1,1,0,1,1,0,0,1,1,0,2,1,0,1,NA,NA,NA,NA,NA,4,0,1,0
Bridge Creek (Fossil),Parrotia,brevipetiolata,Meyer and Manchester 1998,1.9,0,0,0,1,1,0,2,0,2,0,2,0,0,0,NA,0,NA,1,NA,3,1,0,1
Bridge Creek (Fossil),Decodon,brownii,Meyer and Manchester 1998,3,0,1,1,1,1,0,0,0,NA,NA,0,0,6,0,NA,NA,NA,NA,NA,NA,NA,NA,NA
Bridge Creek (Fossil),Paracarpinus,chaneyi,Manchester and Crane 1987,3,0,1,0,1,1,0,0,0,1,0,1,0,0,NA,NA,0,0,NA,NA,NA,0,1,0
Bridge Creek (Fossil),Quercus,consimilis,Meyer and Manchester 1998,3,0,1,0,1,1,NA,1,0,NA,0,0,0,7,NA,NA,0,NA,NA,NA,3,1,0,1
Bridge Creek (Fossil),Cercidiphyllum,crenatum,Meyer and Manchester 1998,1,0,1,0,1,1,NA,NA,0,2,1,4,1,6,NA,NA,0,NA,NA,NA,NA,0,0,0
Bridge Creek (Fossil),Juglandiphyllites,cryptatus,From picture,4,0,1,1,1,1,2,2,0,1,0,2,0,1,0,NA,0,0,NA,NA,NA,0,0,0
Bridge Creek (Fossil),Tilia,fossilensis,Meyer and Manchester 1998,1.3,0,0,0,1,1,2,2,0,2,0,4,1,0,0,0,0,0,NA,NA,0,0,0,1
Bridge Creek (Fossil),Acer,glabroides,Wolfe and Tanai 1988,1,0,1,1,1,1,NA,0,1,1,0,3,1,0,NA,NA,NA,NA,NA,NA,NA,0,1,1
Bridge Creek (Fossil),Alnus,heterodonta,Meyer and Manchester 1998,1.5,0,1,0,1,1,NA,2,0,1,0,3,0,0,NA,NA,0,0,NA,NA,0,1,1,0
Bridge Creek (Fossil),Rhus,lesquereuxii,Meyer and Manchester 1998,2.5,1,0,1,0,1,0,2,0,1,0,1,0,1,0,NA,2,NA,NA,NA,NA,1,0,0
Bridge Creek (Fossil),Cedrelospermum,lineatum,From picture,2.5,0,1,0,1,1,2,2,0,1,0,1,0,0,1,NA,0,0,NA,NA,3,0,0,0
Bridge Creek (Fossil),Crataegus,merriami,From picture,2,0,1,0,1,1,2,2,1,1,1,2,0,0,3,0,NA,NA,NA,NA,NA,1,1,0
Bridge Creek (Fossil),Alnus,newberryi,Meyer and Manchester 1998,2,0,1,0,1,1,NA,2,0,1,0,2,0,0,NA,NA,0,0,NA,NA,3,0,1,0
Bridge Creek (Fossil),Fagus,pacifica,Meyer and Manchester 1998,1.5,1,1,0,1,1,0,0,0,1,0,1,0,0,NA,NA,0,0,NA,NA,NA,0,1,1
Bridge Creek (Fossil),Ulmus,sp 2,From picture,1.5,0,1,1,1,1,0,2,0,1,0,0,0,0,0,NA,0,0,NA,NA,NA,0,1,0
Bridge Creek (Fossil),Dicot,sp 25,From picture,1.5,0,1,1,1,1,0,NA,0,NA,0,0,0,1,0,NA,1,NA,NA,NA,NA,NA,NA,NA
Bridge Creek (Fossil),Ulmus,speciosa,From picture,3,0,1,1,1,1,0,2,0,1,0,0,0,0,0,NA,0,0,NA,NA,NA,0,2,0
Bridge Creek (Fossil),Juglans,wheelerensis,Meyer and Manchester 1998,2.3,0,0,1,1,1,2,NA,0,1,NA,0,0,6,0,NA,0,0,NA,NA,3,0,0,0
Bridge Creek (Fossil),Cladrastis,NA,From picture,2.5,1,1,1,0,1,0,0,0,NA,0,0,0,6,1,NA,1,NA,NA,NA,NA,NA,NA,NA
Bridge Creek (Iron Mountain),Acer,ashwillii,Wolfe and Tanai 1988,1,1,1,0,1,1,0,0,1,1,0,2,1,0,1,NA,NA,NA,NA,NA,4,0,1,0
Bridge Creek (Iron Mountain),Cinnamomophyllum,bendirei,From picture,2,0,1,1,1,1,0,0,0,NA,NA,0,0,3,NA,NA,NA,NA,NA,NA,NA,NA,NA,NA
Bridge Creek (Iron Mountain),Quercus,berryi,Meyer and Manchester 1998,3,0,0,0,1,1,0,0,0,NA,0,1,0,7,1,NA,0,NA,3,NA,3,1,0,1
Bridge Creek (Iron Mountain),Parrotia,brevipetiolata,Meyer and Manchester 1998,1.9,0,0,0,1,1,0,2,0,2,0,2,0,0,0,NA,0,NA,1,NA,3,1,0,1
Bridge Creek (Iron Mountain),Decodon,brownii,Meyer and Manchester 1998,3,0,1,1,1,1,0,0,0,NA,NA,0,0,6,0,NA,NA,NA,NA,NA,NA,NA,NA,NA
Bridge Creek (Iron Mountain),Paracarpinus,chaneyi,Manchester and Crane 1987,3,0,1,0,1,1,0,0,0,1,0,1,0,0,NA,NA,0,0,NA,NA,NA,0,1,0
Bridge Creek (Iron Mountain),Cercidiphyllum,crenatum,Meyer and Manchester 1998,1,0,1,0,1,1,NA,NA,0,2,1,4,1,6,NA,NA,0,NA,NA,NA,NA,0,0,0
Bridge Creek (Iron Mountain),Amelanchier,grayi,Meyer and Manchester 1998,1.5,1,0,0,1,1,0,0,0,1,1,2,0,0,NA,0,0,0,3,NA,NA,0,0,0
Bridge Creek (Iron Mountain),Alnus,heterodonta,Meyer and Manchester 1998,1.5,0,1,0,1,1,NA,2,0,1,0,3,0,0,NA,NA,0,0,NA,NA,0,1,1,0
Bridge Creek (Iron Mountain),Rhus,lesquereuxii,Meyer and Manchester 1998,2.5,1,0,1,0,1,0,2,0,1,0,1,0,1,0,NA,2,NA,NA,NA,NA,1,0,0
Bridge Creek (Iron Mountain),Acer,manchesteri,Wolfe and Tanai 1988,2,0,1,0,1,1,0,0,1,1,0,3,1,0,1,NA,0,1,NA,NA,3,1,1,0
Bridge Creek (Iron Mountain),Crataegus,merriami,From picture,2,0,1,0,1,1,2,2,1,1,1,2,0,0,3,0,NA,NA,NA,NA,NA,1,1,0
Bridge Creek (Iron Mountain),Plafkeria,obliquifolia,From picture,1.5,1,1,0,1,1,2,2,0,NA,NA,1,1,6,3,2,0,0,3,NA,0,NA,NA,NA
Bridge Creek (Iron Mountain),Ostrya,oregoniana,From picture,2,1,1,0,1,1,0,0,0,1,0,2,0,0,3,NA,0,0,NA,NA,NA,0,2,0
Bridge Creek (Iron Mountain),Aucuba,simleyi,Meyer and Manchester 1998,3,0,1,1,1,1,0,0,0,2,0,0,0,0,NA,NA,0,0,NA,NA,4,1,0,2
Bridge Creek (Iron Mountain),Cornus,sp,Meyer and Manchester 1998,2,1,1,0,1,1,2,2,0,NA,0,1,0,3,3,NA,0,0,NA,NA,NA,NA,NA,NA
Bridge Creek (Iron Mountain),Acer,sp 1,Wolfe and Tanai 1988,0.8,0,1,1,1,1,0,0,1,1,0,3,2,0,NA,NA,0,NA,NA,NA,3,0,1,0
Bridge Creek (Iron Mountain),Dicot,sp 11,Meyer and Manchester 1998,3,0,1,1,1,1,0,0,0,NA,0,0,0,1,1,NA,0,0,NA,NA,NA,1,0,0
Bridge Creek (Iron Mountain),Ulmus,speciosa,From picture,2,0,1,1,1,1,0,2,0,1,0,0,0,0,0,NA,0,0,NA,NA,NA,0,2,0
Bridge Creek (Iron Mountain),Toxicodendron,wolfei,Meyer and Manchester 1998,2.1,0,1,1,1,1,0,1,0,NA,0,2,0,5,0,NA,2,NA,NA,NA,5,NA,NA,NA
Bridge Creek (Painted Hills),Betula,angustifolia,Meyer and Manchester 1998,2,1,1,0,1,1,2,NA,0,1,0,2,0,0,NA,0,0,NA,3,NA,NA,0,1,0
Bridge Creek (Painted Hills),Tilia,aspera,From picture,1.3,1,1,0,1,1,0,0,0,1,0,4,1,0,0,NA,0,0,NA,NA,NA,0,1,0
Bridge Creek (Painted Hills),Cinnamomophyllum,bendirei,From picture,2,0,1,1,1,1,0,0,0,NA,NA,0,0,3,NA,NA,NA,NA,NA,NA,NA,NA,NA,NA
Bridge Creek (Painted Hills),Quercus,berryi,Meyer and Manchester 1998,3,0,0,0,1,1,0,0,0,NA,0,1,0,7,1,NA,0,NA,3,NA,3,1,0,1
Bridge Creek (Painted Hills),Platanus,condonii,Meyer and Manchester 1998,0.7,0,1,1,1,1,0,0,1,NA,0,2,2,3,0,NA,0,0,NA,NA,0,NA,NA,NA
Bridge Creek (Painted Hills),Quercus,consimilis,Meyer and Manchester 1998,3,0,1,0,1,1,NA,1,0,NA,0,0,0,7,NA,NA,0,NA,NA,NA,3,1,0,1
Bridge Creek (Painted Hills),Alnus,heterodonta,Meyer and Manchester 1998,1.5,0,1,0,1,1,NA,2,0,1,0,3,0,0,NA,NA,0,0,NA,NA,0,1,1,0
Bridge Creek (Painted Hills),Crataegus,merriami,From picture,2,0,1,0,1,1,2,2,1,1,1,2,0,0,3,0,NA,NA,NA,NA,NA,1,1,0
Bridge Creek (Painted Hills),Alnus,newberryi,Meyer and Manchester 1998,2,0,1,0,1,1,NA,2,0,1,0,2,0,0,NA,NA,0,0,NA,NA,3,0,1,0
Bridge Creek (Painted Hills),Plafkeria,obliquifolia,From picture,1.5,1,1,0,1,1,2,2,0,NA,NA,1,1,6,3,2,0,0,3,NA,0,NA,NA,NA
Bridge Creek (Painted Hills),Acer,osmonti,Wolfe and Tanai 1988,1,1,1,1,1,1,0,0,1,1,0,4,1,6,0,NA,0,NA,NA,NA,4,1,0,1
Bridge Creek (Painted Hills),Cornus,sp,Meyer and Manchester 1998,2,1,1,0,1,1,2,2,0,NA,0,1,0,3,3,NA,0,0,NA,NA,NA,NA,NA,NA
Bridge Creek (Painted Hills),Ulmus,sp 1,From picture,3,0,1,1,1,1,0,2,0,1,0,0,0,0,0,NA,0,0,NA,NA,NA,0,2,0
Bridge Creek (Painted Hills),Dicot,sp 11,Meyer and Manchester 1998,3,0,1,1,1,1,0,0,0,NA,0,0,0,1,1,NA,0,0,NA,NA,NA,1,0,0
Bridge Creek (Painted Hills),Ulmus,speciosa,From picture,2,0,1,1,1,1,0,2,0,1,0,0,0,0,0,NA,0,0,NA,NA,NA,0,2,0
Fifteenmile Creek,Platycarya,castaneopsis,Wing and Hickey 1986,NA,0,0,0,1,1,NA,NA,0,1,1,NA,0,1,NA,2,0,0,1,NA,NA,0,NA,NA
Fifteenmile Creek,Populus,cinnamomoides,Wing 1981,NA,0,1,1,1,1,0,0,NA,1,NA,1,1,3,NA,NA,0,0,3,NA,3,NA,NA,NA
Fifteenmile Creek,NA,Dicot III,Currano et al 2010,NA,0,1,0,1,1,0,0,0,NA,0,0,0,3,0,0,0,2,1,4,0,NA,NA,NA
Fifteenmile Creek,Allophyllus,flexifolia,Matt from picture in Currano et al 2010,3,1,1,0,1,1,0,0,0,1,NA,0,0,0,1,0,NA,NA,NA,NA,NA,0,0,0
Fifteenmile Creek,Chaetoptelea,microphylla,Matt from picture in Currano et al 2010,1.5,0,1,1,1,1,0,0,0,1,NA,4,0,0,2,1,0,0,1,NA,NA,0,0,0
Fifteenmile Creek,"""Dombeya""",novi-mundi,Matt from picture in Currano et al 2010,1.7,1,1,0,1,1,0,0,1,1,0,2,1,0,3,2,0,0,1,3,2,0,0,0
Fifteenmile Creek,NA,Resin dots,Currano et al 2010,NA,0,1,1,1,1,0,0,0,NA,0,0,0,6,0,0,0,2,1,4,0,NA,NA,NA
Fifteenmile Creek,Alnus,sp,Wing 1981,NA,0,0,1,1,1,NA,NA,0,1,1,1,0,0,NA,2,0,0,1,NA,0,0,0,NA
Fifteenmile Creek,NA,WW062,Currano et al 2010,NA,0,1,1,1,1,0,2,0,1,0,0,0,6,0,2,1,NA,NA,NA,3,0,0,0
Florissant,Staphylea,acuminata,Macginitie 1953,2.3,0,1,1,1,1,0,2,0,1,0,0,0,1,1,0,0,1,NA,NA,NA,0,0,1
Florissant,Koelreuteria,allenii,Macginitie 1953,2.5,1,1,0,1,1,2,2,1,1,0,2,0,0,NA,NA,NA,NA,NA,NA,NA,0,1,0
Florissant,Eugenia,arenaceaeformis,Macginitie 1953,5,1,1,0,1,1,0,0,0,NA,0,0,0,6,1,0,NA,NA,NA,NA,NA,NA,NA,NA
Florissant,Sapindus,coloradensis,Macginitie 1953,1.5,1,1,0,1,1,0,0,0,NA,0,0,0,6,1,0,NA,NA,NA,NA,NA,NA,NA,NA
Florissant,Lindera,coloradica,Macginitie 1953,2,0,1,1,1,1,0,0,0,NA,0,0,0,6,1,1,1,NA,NA,NA,NA,NA,NA,NA
Florissant,Caesalpinites,coloradicus,Macginitie 1953,2.5,1,0,1,1,1,NA,NA,0,NA,2,0,0,6,1,2,NA,NA,NA,NA,NA,NA,NA,NA
Florissant,Crataegus,copeana,Macginitie 1953,2.5,0,1,0,1,1,1,0,1,1,0,0,0,0,0,0,0,2,1,0,NA,1,1,0
Florissant,Conzattia,coriacea,Macginitie 1953,4.5,0,1,1,1,1,0,2,0,NA,0,0,0,6,1,2,NA,NA,NA,NA,NA,NA,NA,NA
Florissant,Populus,crassa,Macginitie 1953,2.3,1,1,0,1,1,0,0,0,1,0,2,0,1,1,0,0,0,1,4,NA,0,0,1
Florissant,Phaseolites,dedal,Macginitie 1953,4,1,1,0,1,1,2,2,0,NA,0,0,0,6,1,0,1,NA,NA,NA,4,NA,NA,NA
Florissant,Castanea,dolichophylla,Macginitie 1953,6,1,1,0,1,1,0,2,0,1,0,0,0,0,1,0,0,0,1,2,NA,1,0,2
Florissant,Quercus,dumosoides,Macginitie 1953,2,0,1,1,1,1,2,2,0,1,0,0,0,0,1,0,NA,NA,NA,NA,NA,1,0,1
Florissant,Ribes,errans,Macginitie 1953,0.9,1,1,0,1,1,0,0,1,1,2,3,1,0,3,NA,NA,NA,NA,NA,NA,1,1,0
Florissant,Vitis,florissantella,Macginitie 1953,1,1,1,0,1,1,0,0,1,1,0,4,1,0,1,0,0,0,1,3,NA,0,0,1
Florissant,Malus,florissantensis,Macginitie 1953,3,1,1,0,1,1,0,2,0,1,0,0,0,1,1,0,NA,NA,NA,NA,NA,0,1,1
Florissant,Acer,florissantii,Macginitie 1953,1.3,0,1,1,1,1,0,0,1,1,0,2,1,0,3,0,0,0,1,NA,NA,0,1,0
Florissant,Cotinus,fraterna,Macginitie 1953,1.5,0,1,1,1,1,0,2,0,NA,1,1,0,1,1,0,NA,NA,NA,NA,NA,NA,NA,NA
Florissant,Hydrangea,fraxinifolia,Macginitie 1953,3,0,1,1,1,1,0,0,0,1,0,0,0,0,1,0,0,0,1,2,NA,1,0,1
Florissant,Prunus,gracilis,Macginitie 1953,3,1,1,0,1,1,0,2,0,1,0,0,0,1,1,0,0,0,1,4,3,1,0,1
Florissant,"""Populites""",heeri,Macginitie 1953,5,1,1,0,1,1,0,0,0,0,0,2,0,1,1,2,0,0,1,2,NA,1,0,1
Florissant,Crataegus,hendersonii,Macginitie 1953,2.8,0,1,1,1,1,0,0,0,1,2,0,0,1,1,0,0,0,3,1,NA,1,0,1
Florissant,Sassafras,hesperia,Macginitie 1953,2,1,1,0,1,1,0,0,0,NA,0,2,1,6,1,0,NA,NA,NA,NA,NA,NA,NA,NA
Florissant,Rosa,hilliae,Macginitie 1953,1.5,0,1,1,1,1,1,1,0,1,0,0,0,1,1,0,NA,NA,NA,NA,NA,0,1,0
Florissant,Dipteronia,insignis,Macginitie 1953,3,0,1,1,1,1,2,2,1,1,0,0,0,0,2,2,NA,NA,NA,NA,NA,1,0,0
Florissant,Cedrela,lancifolia,Macginitie 1953,4,0,1,0,1,1,2,2,0,NA,0,0,0,1,1,0,NA,NA,NA,NA,NA,1,0,0
Florissant,Rhus,lesquereuxi,Macginitie 1953,4,1,1,0,1,1,2,2,0,1,0,0,0,0,0,0,NA,NA,NA,NA,NA,0,0,0
Florissant,Carya,libbeyi,Macginitie 1953,2.5,0,1,0,1,1,2,1,0,1,0,0,0,0,0,0,0,0,1,2,NA,1,1,0
Florissant,Cedrelospermum,lineatum,Manchester 1989,4,1,1,0,1,1,1,2,0,1,0,0,0,0,0,0,0,2,1,2,3,0,0,0
Florissant,Fagopsis,longifolia,Macginitie 1953,3,0,1,1,1,1,0,2,0,0,0,1,0,0,0,0,0,2,1,2,NA,0,0,0
Florissant,Quercus,mohavensis,Macginitie 1953,4,0,1,1,1,1,0,2,0,1,0,0,0,1,1,0,NA,NA,NA,NA,NA,1,0,1
Florissant,Aristolochia,mortua,Macginitie 1953,1.25,1,1,0,1,1,0,0,0,NA,0,4,1,6,1,0,0,0,1,3,NA,NA,NA,NA
Florissant,Cercocarpus,myricaefolius,Macginitie 1953,5.5,0,0,1,1,1,0,0,0,1,0,0,0,0,0,0,0,0,2,2,NA,0,0,0
Florissant,Sambucus,newtoni,Macginitie 1953,5,0,1,0,1,1,2,2,0,1,0,0,0,0,2,2,NA,NA,NA,NA,NA,0,1,0
Florissant,Crataegus,nupta,Macginitie 1953,1,1,1,0,1,1,0,0,0,1,1,2,0,0,1,0,0,0,1,NA,NA,0,1,0
Florissant,Rhus,obscura,Macginitie 1953,4,1,1,0,1,1,0,2,0,1,0,0,0,0,1,2,NA,NA,NA,NA,NA,0,0,0
Florissant,Cercis,parvifolia,Macginitie 1953,1,1,1,0,1,1,0,0,0,NA,2,3,1,6,3,0,0,0,1,3,NA,NA,NA,NA
Florissant,Quercus,peritula,Macginitie 1953,2.1,0,0,1,1,1,0,0,0,1,2,0,0,0,1,0,0,0,1,5,NA,1,0,0
Florissant,Tilia,populifolia,Macginitie 1953,1,1,1,0,1,1,2,2,0,1,2,2,1,0,3,2,0,0,1,2,NA,0,0,1
Florissant,Osmanthus,praemissa,Macginitie 1953,4,1,1,0,1,1,0,0,0,NA,0,0,0,6,NA,NA,NA,NA,NA,NA,NA,NA,NA,NA
Florissant,Quercus,predayana,Macginitie 1953,1.8,0,1,1,1,1,2,2,0,NA,1,0,0,1,1,0,NA,NA,NA,NA,NA,1,0,1
Florissant,Rhamnites,pseudostenophyllus,Macginitie 1953,3,0,1,1,1,1,0,2,0,NA,0,0,0,3,1,0,0,0,3,1,NA,NA,NA,NA
Florissant,Salix,ramaleyi,Macginitie 1953,3.5,1,1,0,1,1,2,2,0,1,0,1,0,1,0,0,0,0,1,4,NA,0,0,0
Florissant,Halesia,reticulata,Macginitie 1953,2,1,1,1,0,1,0,2,0,NA,0,2,0,6,1,0,1,NA,NA,NA,NA,NA,NA,NA
Florissant,"""Sterculia""",rigida,Macginitie 1953,1.33,1,0,1,1,1,0,0,1,NA,0,2,1,6,1,0,NA,NA,NA,NA,NA,NA,NA,NA
Florissant,Amelanchier,scudderi,Macginitie 1953,1.2,0,0,1,1,1,0,2,0,1,2,0,0,1,0,0,0,2,1,4,NA,0,0,0
Florissant,Bursera,serrulata,Macginitie 1953,5,0,1,1,1,1,0,2,0,1,0,0,0,0,0,2,NA,NA,NA,NA,NA,0,0,1
Florissant,Colubrina,spireaefolia,Macginitie 1953,2,1,1,0,1,1,0,0,0,1,0,2,3,0,1,0,NA,NA,NA,NA,NA,0,0,0
Florissant,Morus,symmetrica,Macginitie 1953,1.4,1,1,0,1,1,0,0,0,1,0,3,1,0,3,2,0,0,1,3,NA,0,0,0
Florissant,Salix,taxifolioides,Macginitie 1953,10,1,1,1,1,0,NA,0,0,0,0,0,0,1,0,0,NA,NA,NA,NA,NA,1,0,1
Florissant,Ulmus,tenuinervis,Macginitie 1953,2,1,1,0,1,1,0,2,0,1,0,0,0,0,1,0,0,2,1,2,NA,1,1,0
Florissant,Cardiospermum,terminalis,Macginitie 1953,1.5,0,1,0,1,1,2,0,1,NA,0,1,1,6,3,0,NA,NA,NA,NA,NA,NA,NA,NA
Florissant,Astronium,truncatum,Macginitie 1953,3,0,1,0,1,1,2,2,0,1,0,0,0,0,0,0,NA,NA,NA,NA,NA,0,0,0
Florissant,Celastrus,typica,Macginitie 1953,2,1,1,0,1,1,0,0,0,2,0,2,0,6,1,2,0,0,1,3,NA,0,0,1
Florissant,Dodonaea,umbrina,Macginitie 1953,7,1,0,1,1,1,0,0,0,NA,0,0,0,6,0,0,NA,NA,NA,NA,NA,NA,NA,NA
Florissant,Schmaltzia,vexans,Macginitie 1953,0.5,1,1,0,1,1,2,0,1,1,2,4,1,1,1,2,NA,NA,NA,NA,NA,1,0,0
La Porte,Cinnamomum,acrodroreum,Potbury 1935 (not much to do),5,0,1,1,1,1,0,2,NA,NA,0,0,3,NA,NA,NA,NA,NA,NA,NA,NA,NA,NA,NA
La Porte,Aleurites,americana,Potbury 1935,1,1,1,0,1,1,0,0,0,NA,0,2,1,6,1,2,0,0,1,2,2,NA,NA,NA
La Porte,Liquidambar,californicum,Potbury 1935,0.8,1,1,0,1,1,2,2,1,0,0,4,1,0,3,1,1,NA,NA,NA,NA,NA,NA,NA
La Porte,Chrysophyllum,conforme,Potbury 1935,1.8,0,1,1,1,1,0,0,0,NA,0,0,0,0,0,2,2,NA,NA,NA,NA,NA,NA,NA
La Porte,Styrax,curvatus,Potbury 1935,2,1,1,0,1,1,2,2,0,NA,0,0,0,6,2,1,0,1,1,2,NA,NA,NA,NA
La Porte,Cinnamomum,dilleri,Matt from LMA picture and Potbury 1935,2,0,1,1,1,1,0,2,0,NA,2,0,3,6,3,2,0,0,3,1,NA,NA,NA,NA
La Porte,Leguminosites,falcatum,Potbury 1935,2.3,1,0,0,1,1,2,0,0,NA,0,0,0,6,1,0,NA,NA,NA,NA,NA,NA,NA,NA
La Porte,Ficus,goshenensis,Matt from LMA picture and Potbury 1935,2.3,1,0,1,1,1,0,0,0,NA,2,0,0,6,1,2,0,0,1,2,NA,NA,NA,NA
La Porte,Tabernaemontana,intermedia,Potbury 1935,2.3,0,1,1,1,1,0,0,0,NA,0,0,0,6,1,2,0,0,1,2,NA,NA,NA,NA
La Porte,Laurophyllum,intermediam,Potbury 1935,2.5,0,1,1,1,1,0,0,0,NA,0,0,0,6,1,0,0,2,1,4,2,NA,NA,NA
La Porte,Davilla,intermida,Potbury 1935,1.8,0,0,1,1,1,0,0,0,NA,3,1,0,3,0,2,0,0,1,4,NA,NA,NA,NA
La Porte,Phyllites,laportiana,Potbury 1935,2.6,1,1,1,0,1,0,2,0,NA,0,0,0,6,1,0,0,0,1,2,NA,NA,NA,NA
La Porte,Euophorbiophyllum,multiflorum,Potbury 1935,2,0,0,1,1,1,0,0,0,1,0,0,0,6,1,0,0,0,1,2,NA,1,0,1
La Porte,Quercus,nevadensis,Potbury 1935,3,0,1,1,1,1,0,0,0,1,1,0,0,0,0,2,0,0,1,2,NA,0,0,1
La Porte,Ilex,oregona,Potbury 1935,2,0,1,1,1,1,0,2,0,1,2,0,0,1,1,0,0,0,1,4,NA,1,0,0
La Porte,Sterculia,ovata,Potbury 1935,2,1,1,0,1,1,2,2,0,NA,0,0,0,6,3,2,1,NA,NA,NA,NA,NA,NA,NA
La Porte,Persea,praelingua,Matt from LMA picture and Potbury 1935,2,0,1,1,1,1,NA,NA,0,NA,3,0,1,3,1,0,0,0,3,2,NA,NA,NA,NA
La Porte,Persea,pseudo-carolinensis,Potbury 1935,3.5,0,1,1,1,1,0,2,0,NA,0,0,0,6,1,0,0,0,1,2,NA,NA,NA,NA
La Porte,Laurophyllum,raminervum,Potbury 1935,2.2,0,1,1,1,1,0,2,0,NA,1,0,0,6,1,0,0,0,3,2,NA,NA,NA,NA
La Porte,Sophora,repandifolia,Potbury 1935,2,0,1,1,1,1,0,NA,0,NA,0,0,0,6,1,0,NA,NA,NA,NA,NA,NA,NA,NA
La Porte,Petrea,rotunda,Potbury 1935,1.2,0,1,1,1,1,0,2,0,NA,3,2,0,6,0,2,0,0,1,4,NA,NA,NA,NA
La Porte,Acalypha,serrulata,Potbury 1935,2.1,0,1,1,1,1,0,2,0,1,0,0,0,1,3,0,0,0,1,2,NA,NA,NA,NA
McAbee,NA,12,Lowe et al supplement,2.75,0,1,1,1,1,0,0,0,NA,0,0,0,6,0,2,NA,NA,NA,NA,NA,NA,NA,NA
McAbee,NA,13,Lowe et al supplement,2,0,1,1,1,1,0,2,0,1,NA,0,0,0,2,2,0,0,1,NA,NA,0,1,0
McAbee,NA,22,Lowe et al supplement,NA,0,1,1,1,1,0,0,0,1,2,0,0,1,1,NA,NA,NA,NA,NA,NA,0,0,0
McAbee,NA,29,Lowe et al supplement,NA,0,1,1,1,1,0,NA,0,2,2,NA,0,1,0,1,0,0,1,4,4,0,0,1
McAbee,NA,31,Lowe et al supplement,4,0,1,1,1,1,0,NA,0,1,0,NA,0,1,2,0,NA,NA,NA,NA,NA,0,1,0
McAbee,NA,41,Lowe et al supplement,NA,0,1,1,1,1,0,0,0,NA,NA,2,0,NA,2,2,NA,NA,NA,NA,NA,NA,NA,NA
McAbee,NA,44,Lowe et al supplement,NA,0,1,1,1,1,0,NA,0,NA,NA,NA,0,6,1,2,1,NA,NA,NA,NA,NA,NA,NA
McAbee,NA,47,Lowe et al supplement,2,0,1,1,1,1,0,2,0,1,NA,2,0,1,2,2,0,2,1,NA,NA,1,0,0
McAbee,NA,73,Lowe et al supplement,2,0,1,1,1,1,0,0,0,NA,0,0,0,6,NA,NA,0,1,1,NA,NA,NA,NA,NA
McAbee,NA,76,Lowe et al supplement,NA,0,1,1,1,1,0,0,0,2,NA,2,0,0,1,2,0,0,1,1,NA,0,0,1
McAbee,NA,79,Lowe et al supplement,2.5,0,1,1,1,1,0,NA,0,NA,0,NA,0,0,0,2,NA,NA,NA,NA,NA,0,0,0
McAbee,Vitis?,91,Lowe et al supplement,1,0,1,1,1,1,0,0,0,NA,NA,4,1,0,1,2,0,1,1,NA,3,0,1,1
McAbee,NA,97,Lowe et al supplement,3,0,1,1,1,1,0,0,0,NA,NA,0,0,2,1,2,0,2,1,1,NA,NA,NA,NA
McAbee,Ulmus,chuchuanus,Lowe et al supplement,NA,0,1,1,0,1,0,2,0,NA,0,2,0,0,2,NA,0,2,1,4,1,0,NA,0
McAbee,Fagus,langevinii,Lowe et al supplement,NA,0,1,1,1,1,0,2,0,2,1,1,0,0,0,2,0,2,1,4,4,0,0,1
McAbee,Betula,leopoldae,Lowe et al supplement,NA,0,1,1,1,1,0,2,0,1,0,1,0,0,0,1,0,0,1,1,4,0,NA,0
McAbee,Ulmus,okanaganensis,Lowe et al supplement,NA,0,0,0,0,1,0,2,0,1,0,2,0,0,1,NA,0,2,1,4,NA,0,NA,0
McAbee,Alnus,parvifolia,Lowe et al supplement,NA,0,1,1,1,1,0,2,0,2,1,1,0,1,2,NA,0,2,1,1,NA,0,NA,0
McAbee,Trochodendroides,sp. 1,Lowe et al supplement,NA,0,1,1,1,1,0,0,0,2,2,2,1,2,3,2,0,1,1,NA,4,0,NA,0
McAbee,Trochodendroides,sp. 2,Lowe et al supplement,NA,0,1,1,1,1,0,0,0,2,2,3,1,2,1,1,0,1,NA,NA,5,0,0,0
McAbee,Trochodendroides,sp. 3,Lowe et al supplement,NA,0,1,1,1,1,0,NA,0,NA,NA,2,1,6,1,2,0,2,1,NA,2,NA,NA,NA
Ojo Alamo,Averrhoites,affinis,Flynn supplement,3,0,1,1,1,1,2,2,0,NA,0,0,0,6,1,NA,NA,NA,1,4,2,NA,NA,NA
Ojo Alamo,"""Rhamnus""",goldiana,Flynn supplement,1.7,1,1,0,1,1,0,0,0,NA,1,2,0,6,2,2,0,0,1,5,0,NA,NA,NA
Ojo Alamo,Platanites,marginata,Flynn supplement,1.5,0,0,1,1,1,0,0,1,1,1,1,1,0,3,2,0,0,1,4,2,1,1,1
Ojo Alamo,Platanites,raynoldsii,Flynn supplement,1.5,1,1,0,1,1,0,0,1,1,0,2,1,0,2,2,0,2,2,5,2,1,1,2
Ojo Alamo,Browniea,serrata,Flynn supplement,3.5,0,0,1,1,1,0,0,0,1,1,2,0,1,1,2,0,2,1,4,4,0,0,0
Ojo Alamo,NA,SJ-111,Flynn supplement,2,1,1,0,1,1,0,2,0,1,0,4,1,0,4,2,0,0,2,5,0,1,0,1
Ojo Alamo,NA,SJ-112,Flynn supplement,1,1,1,0,1,1,0,0,0,NA,0,3,1,6,4,2,0,0,1,5,4,NA,NA,NA
Ojo Alamo,NA,SJ-53,Flynn supplement,1.75,0,1,1,1,1,2,2,0,NA,3,0,0,4,1,0,1,NA,NA,NA,4,NA,NA,NA
Ojo Alamo,NA,SJ-76,Flynn supplement,2,0,0,1,1,1,0,0,0,1,NA,0,0,1,2,1,1,NA,NA,NA,4,1,1,1
Ojo Alamo,NA,SJ-77,Flynn supplement,2.5,0,1,1,1,1,2,2,0,1,2,2,0,0,2,2,0,1,1,4,1,1,1,1
Ojo Alamo,NA,SJ-93,Flynn supplement,3,0,1,1,1,1,2,2,0,NA,0,0,0,6,2,2,1,NA,NA,NA,5,NA,NA,NA
PETM,Populus,cinnamomoides,Wing 1981,NA,0,1,1,1,1,0,0,NA,1,NA,1,1,3,NA,NA,0,0,3,NA,3,NA,NA,NA
PETM,NA,MAT,Hubble Bubble PETM photos,3,1,1,0,1,1,0,0,0,NA,0,1,0,3,0,2,NA,NA,NA,NA,NA,NA,NA,NA
PETM,Machaerium,sp,Hubble Bubble PETM photos,2.5,0,1,1,1,1,0,0,0,NA,1,1,0,1,0,2,0,1,1,5,2,NA,NA,NA
PETM,NA,WW001,Hubble Bubble PETM photos,3,1,1,0,0,1,0,2,0,NA,0,0,0,6,1,0,0,1,1,0,5,NA,NA,NA
PETM,NA,WW002,Hubble Bubble PETM photos,3,1,1,0,1,1,0,0,0,NA,0,1,0,6,1,0,0,2,1,4,2,NA,NA,NA
PETM,NA,WW003,Hubble Bubble PETM photos,2,0,1,1,1,1,0,0,0,NA,0,2,3,6,3,0,0,0,3,1,0,NA,NA,NA
PETM,NA,WW004,Hubble Bubble PETM photos,4.5,0,1,1,1,1,0,2,0,NA,0,0,0,6,0,0,0,2,1,4,0,NA,NA,NA
PETM,NA,WW006,Hubble Bubble PETM photos,1,1,1,0,1,1,1,1,0,NA,0,4,3,6,2,0,0,0,1,6,2,NA,NA,NA
PETM,NA,WW011,Hubble Bubble PETM photos,2.5,0,1,1,1,1,0,0,0,NA,0,1,0,6,1,0,0,0,1,4,NA,NA,NA,NA
PETM,NA,WW024,Hubble Bubble PETM photos,5,1,1,0,1,1,0,2,0,NA,0,0,0,6,0,2,0,0,3,1,NA,NA,NA,NA
PETM,NA,WW051,Currano et al 2010,4,1,1,1,0,1,0,0,0,NA,NA,0,0,6,1,2,0,0,1,0,3,NA,NA,NA
Secret,NA,Clusiaceae,Ellen's Spreadsheet,NA,0,1,1,1,1,0,2,0,NA,0,0,0,NA,0,2,2,NA,NA,NA,5,NA,NA,NA
Secret,NA,Concentric Tertiaries,Ellen's Spreadsheet,NA,1,1,0,1,1,0,0,0,NA,2,4,2,6,NA,2,0,2,NA,NA,2,NA,NA,NA
Secret,NA,Ellen's Head,Ellen's Spreadsheet,NA,1,1,1,0,1,0,0,0,NA,NA,4,0,3,0,2,0,1,NA,NA,NA,NA,NA,NA
Secret,NA,Festooned with Secondaries,Ellen's Spreadsheet,NA,0,1,1,1,1,0,0,0,1,0,0,0,6,0,1,0,0,NA,NA,4,NA,0,1
Secret,NA,Few Two's,Ellen's Spreadsheet,NA,0,1,1,1,1,0,0,0,NA,NA,2,0,6,2,2,0,0,NA,NA,0,NA,NA,NA
Secret,NA,Herbie,Ellen's Spreadsheet,NA,0,1,0,1,1,0,0,0,NA,0,1,2,6,NA,2,0,2,NA,NA,4,NA,NA,NA
Secret,NA,Interrupt,Ellen's Spreadsheet,NA,1,1,1,0,1,0,0,0,NA,0,0,0,6,0,2,1,NA,NA,NA,NA,NA,NA,NA
Secret,NA,Legume 1,Ellen's Spreadsheet,NA,0,1,1,1,1,0,2,0,NA,0,1,0,3,1,2,0,0,NA,NA,4,NA,NA,NA
Secret,NA,Legume 4,Ellen's Spreadsheet,NA,1,1,1,0,1,0,2,0,NA,0,2,0,3,1,2,0,0,NA,NA,3,NA,NA,NA
Secret,NA,Lobed (Putter Cups),Ellen's Spreadsheet,NA,0,1,1,1,1,0,2,1,NA,0,3,1,6,NA,2,0,2,NA,NA,4,NA,NA,NA
Secret,NA,Long&Loopy,Ellen's Spreadsheet,NA,0,1,1,1,1,0,0,0,NA,0,0,0,6,0,2,0,1,NA,NA,4,NA,NA,NA
Secret,NA,Magic Leaf,Ellen's Spreadsheet,NA,0,1,1,1,1,0,0,0,NA,NA,2,0,6,0,2,0,0,NA,NA,3,NA,NA,NA
Secret,NA,Manute Bol,Ellen's Spreadsheet,NA,0,1,1,1,1,0,0,0,NA,0,0,0,3,0,2,0,2,NA,NA,NA,NA,NA,NA
Secret,NA,Oblong Straight Vein,Ellen's Spreadsheet,NA,1,1,1,0,1,0,0,0,NA,NA,2,0,3,1,2,0,0,NA,NA,NA,NA,NA,NA
Secret,NA,Pinnate truncate,Ellen's Spreadsheet,NA,1,1,1,0,1,0,0,0,NA,0,2,0,3,1,2,0,2,NA,NA,2,NA,NA,NA
Secret,NA,RASY,Ellen's Spreadsheet,NA,0,1,1,1,1,0,2,0,NA,0,0,0,3,1,2,NA,NA,NA,NA,NA,NA,NA,NA
Secret,NA,Short Drip Tip,Ellen's Spreadsheet,NA,0,1,1,1,1,0,0,0,NA,2,2,0,3,0,2,0,0,NA,NA,4,NA,NA,NA
Secret,NA,Small Euphorb,Ellen's Spreadsheet,NA,0,1,1,1,1,0,2,0,1,0,2,1,3,NA,2,0,0,NA,NA,2,NA,0,0
Secret,NA,Trinerved pulvinate,Ellen's Spreadsheet,NA,0,1,1,1,1,0,0,0,NA,NA,0,1,3,NA,0,2,NA,NA,NA,NA,NA,NA,NA
Secret,NA,Yellow leaf,Ellen's Spreadsheet,NA,0,1,1,0,1,0,0,0,NA,0,1,0,3,0,2,NA,NA,NA,NA,NA,NA,NA,NA
Williston Basin,Paranymphaea,FU1,Johnson 1989 Dissertation,NA,1,1,0,1,1,NA,NA,0,NA,0,4,NA,6,NA,NA,0,NA,NA,NA,NA,NA,NA,NA
Williston Basin,Dicotyledones,FU14,Johnson 1989 Dissertation,2,1,1,0,1,1,0,2,0,NA,0,0,0,6,2,NA,0,NA,NA,NA,NA,NA,NA,NA
Williston Basin,Dicotyledones,FU15,Johnson 1989 Dissertation,NA,1,1,0,1,1,NA,NA,0,1,NA,0,0,1,NA,NA,NA,NA,NA,NA,NA,NA,NA,NA
Williston Basin,Platanus,FU16,Johnson 1989 Dissertation,NA,1,1,0,1,1,NA,NA,0,1,0,1,2,0,NA,NA,0,0,NA,NA,NA,NA,NA,NA
Williston Basin,Pinnate Dilleniidae,FU19,Johnson 1989 Dissertation,2,0,1,1,1,1,NA,NA,0,NA,0,0,0,6,0,NA,0,0,1,3,NA,NA,NA,NA
Williston Basin,Dicotyledones,FU20,Johnson 1989 Dissertation,1.5,1,1,0,1,1,NA,NA,0,NA,0,0,0,3,NA,NA,0,NA,NA,NA,NA,NA,NA,NA
Williston Basin,Magnoliales,FU25,Johnson 1989 Dissertation,NA,1,1,0,1,1,NA,NA,0,NA,0,0,0,6,1,NA,1,NA,NA,NA,NA,NA,NA,NA
Williston Basin,Dicotylophyllum,FU29,Johnson 1989 Dissertation,NA,1,0,0,1,1,NA,NA,0,1,0,2,0,1,0,NA,0,NA,3,NA,NA,1,NA,1
Williston Basin,Cornophyllum,FU31,Johnson 1989 Dissertation,2,1,1,0,1,1,NA,NA,0,NA,0,0,0,3,NA,NA,0,NA,3,NA,NA,NA,NA,NA
Williston Basin,Dicotyledones,FU35,Johnson 1989 Dissertation,2.5,1,0,1,1,1,0,0,0,1,0,0,0,3,NA,NA,0,NA,NA,NA,NA,NA,NA,NA
Williston Basin,Ziziphoides,FU43,Johnson 1989 Dissertation,NA,0,0,0,0,1,NA,NA,0,NA,1,1,3,6,NA,NA,0,NA,NA,NA,NA,NA,NA,NA
Williston Basin,Flacourticeae,FU49,Johnson 1989 Dissertation,1,1,1,0,1,1,NA,NA,0,1,NA,2,1,1,NA,NA,0,0,NA,NA,0,NA,NA,1
Williston Basin,Cercidiphyllum,FU5,Johnson 1989 Dissertation,NA,1,1,0,1,1,NA,NA,0,1,NA,NA,1,3,NA,NA,0,NA,NA,NA,NA,NA,NA,0
Williston Basin,Dicotyledones,FU52,Johnson 1989 Dissertation,3,1,1,0,1,1,2,0,0,1,0,0,0,1,NA,NA,NA,NA,NA,NA,NA,NA,NA,NA
Williston Basin,Penosphyllum,FU61,Johnson 1989 Dissertation,1,1,1,0,1,1,0,0,0,NA,NA,4,0,6,0,NA,0,0,1,3,NA,NA,NA,NA
Williston Basin,Platanaceae,FU63,Johnson 1989 Dissertation,NA,1,1,0,1,1,NA,NA,0,2,NA,NA,1,0,NA,NA,0,NA,NA,NA,NA,NA,NA,NA
Williston Basin,Dicotyledones,FU64,Johnson 1989 Dissertation,5,0,1,1,1,1,0,0,0,NA,0,0,0,3,NA,NA,NA,NA,NA,NA,NA,NA,NA,NA
Williston Basin,Dicotyledones,FU65,Johnson 1989 Dissertation,NA,1,1,0,1,1,0,0,0,1,0,3,0,1,2,NA,0,NA,3,NA,NA,NA,NA,NA
Williston Basin,Dicotyledones,FU69,Johnson 1989 Dissertation,NA,1,1,0,1,1,NA,NA,0,NA,NA,4,1,NA,NA,NA,NA,NA,NA,NA,NA,NA,NA,NA
Williston Basin,ÅgPopulusÅh,FU7,Johnson 1989 Dissertation,NA,1,1,0,1,1,0,0,0,0,1,3,1,0,NA,NA,0,0,NA,3,0,NA,1,1
Williston Basin,Dicotyledones,FU75,Johnson 1989 Dissertation,2,1,1,0,1,1,NA,NA,0,1,0,2,0,1,NA,NA,0,NA,NA,NA,NA,NA,NA,NA
Williston Basin,Dicotyledones,FU77,Johnson 1989 Dissertation,NA,1,1,0,1,1,0,2,0,NA,NA,NA,0,3,NA,NA,0,NA,NA,NA,NA,NA,NA,NA
Williston Basin,Platanites,HC1,Johnson 1989 Dissertation,NA,1,0,1,1,1,0,0,0,1,2,0,0,0,NA,NA,0,NA,NA,NA,NA,NA,NA,NA
Williston Basin,Trochodendroides,HC103,Johnson 1989 Dissertation,1,1,1,0,1,1,NA,NA,NA,0,NA,NA,NA,NA,NA,NA,NA,NA,NA,NA,NA,NA,NA,NA
Williston Basin,Marmarthia,HC105,Johnson 1989 Dissertation,1,0,1,1,1,1,0,0,NA,NA,2,1,1,6,NA,NA,0,NA,NA,NA,NA,NA,NA,NA
Williston Basin,Platanites,HC106,Johnson 1989 Dissertation,1,1,0,1,1,1,NA,NA,1,1,2,1,2,0,NA,NA,0,NA,NA,NA,NA,NA,NA,1
Williston Basin,Paranymphaea,HC111,Johnson 1989 Dissertation,2,1,1,0,1,1,NA,NA,NA,NA,0,4,0,6,NA,NA,NA,NA,NA,NA,NA,NA,NA,NA
Williston Basin,Laurales,HC122,Johnson 1989 Dissertation,1,1,1,0,1,1,NA,NA,0,NA,1,4,1,6,NA,NA,NA,NA,NA,NA,NA,NA,NA,NA
Williston Basin,Cercidiphyllum,HC124,Johnson 1989 Dissertation,0.75,1,0,1,1,1,0,0,0,0,3,2,1,1,NA,NA,NA,NA,NA,NA,NA,NA,NA,NA
Williston Basin,Rosidae,HC132,Johnson 1989 Dissertation,NA,1,1,0,1,1,2,2,0,0,0,0,0,0,NA,0,NA,NA,NA,NA,NA,NA,NA,NA
Williston Basin,Dicotyledones,HC135,Johnson 1989 Dissertation,NA,1,1,0,1,1,2,NA,0,1,0,0,0,1,NA,NA,0,NA,NA,NA,NA,NA,NA,0
Williston Basin,ÅgVitisÅh,HC14,Johnson 1989 Dissertation,NA,1,1,0,1,1,NA,NA,0,0,0,4,1,0,NA,NA,0,NA,NA,NA,NA,NA,NA,1
Williston Basin,Platanaceae,HC140,Johnson 1989 Dissertation,2,1,1,0,1,1,NA,NA,0,0,2,NA,2,0,NA,NA,0,NA,NA,NA,NA,NA,NA,NA
Williston Basin,Dicotyledones,HC147,Johnson 1989 Dissertation,0.5,1,1,1,1,1,0,0,1,0,3,4,0,1,NA,NA,NA,NA,NA,NA,NA,NA,NA,NA
Williston Basin,Dicotyledones,HC159,Johnson 1989 Dissertation,NA,1,0,1,1,1,2,0,1,1,NA,0,3,NA,NA,NA,NA,NA,NA,NA,NA,NA,NA,NA
Williston Basin,Marmarthia,HC162,Johnson 1989 Dissertation,NA,0,1,1,1,1,NA,NA,0,NA,0,0,3,NA,NA,NA,NA,NA,NA,NA,NA,NA,NA,NA
Williston Basin,Liriodendrites,HC166,Johnson 1989 Dissertation,NA,1,1,0,1,1,NA,NA,1,NA,3,3,0,6,NA,NA,0,NA,NA,NA,NA,NA,NA,NA
Williston Basin,Dicotyledones,HC169,Johnson 1989 Dissertation,2,1,0,1,1,1,0,0,0,1,0,2,0,1,NA,NA,NA,NA,NA,NA,NA,NA,NA,NA
Williston Basin,ÅgZiziphusÅh,HC174,Johnson 1989 Dissertation,1,1,1,0,1,1,NA,NA,0,NA,NA,4,3,6,NA,NA,NA,NA,NA,NA,NA,NA,NA,NA
Williston Basin,ÅgArtocarpusÅh,HC179,Johnson 1989 Dissertation,1,1,1,1,1,1,NA,NA,1,NA,0,2,0,0,NA,NA,0,NA,NA,NA,NA,NA,NA,NA
Williston Basin,Cissites,HC180,Johnson 1989 Dissertation,NA,1,0,1,1,1,NA,NA,1,1,0,4,2,0,NA,NA,0,NA,NA,NA,NA,NA,NA,NA
Williston Basin,Dicotyledones,HC182,Johnson 1989 Dissertation,3,1,1,0,1,1,0,0,0,NA,0,0,0,6,0,0,NA,NA,NA,NA,NA,NA,NA,NA
Williston Basin,Laurales,HC199,Johnson 1989 Dissertation,NA,1,1,1,1,1,NA,NA,1,NA,0,2,1,6,NA,NA,NA,NA,NA,NA,NA,NA,NA,NA
Williston Basin,Grewiopsis,HC2,Johnson 1989 Dissertation,1,1,1,0,1,1,NA,NA,0,0,0,0,0,0,NA,NA,0,NA,NA,NA,NA,NA,NA,NA
Williston Basin,Dicotyledones,HC21,Johnson 1989 Dissertation,2,1,1,0,1,1,2,2,0,NA,0,1,0,3,2,NA,NA,NA,NA,NA,NA,NA,NA,NA
Williston Basin,Dicotyledones,HC24,Johnson 1989 Dissertation,1,1,1,0,1,1,0,0,0,0,0,2,0,1,2,0,NA,NA,NA,NA,NA,NA,NA,1
Williston Basin,Dicotyledones,HC28,Johnson 1989 Dissertation,1.5,1,1,0,1,1,0,0,0,NA,0,2,0,6,NA,NA,0,NA,3,NA,NA,NA,NA,NA
Williston Basin,Dicotyledones,HC29,Johnson 1989 Dissertation,3,0,1,1,1,1,NA,NA,0,1,0,0,0,6,NA,NA,NA,NA,NA,NA,NA,NA,NA,NA
Williston Basin,Dicotyledones,HC3,Johnson 1989 Dissertation,2,1,1,0,1,1,0,0,0,NA,0,1,0,3,0,NA,0,NA,NA,NA,NA,NA,NA,NA
Williston Basin,Laurales?,HC32,Johnson 1989 Dissertation,2,1,1,0,1,1,2,2,0,NA,NA,2,0,6,NA,NA,NA,NA,NA,NA,NA,NA,NA,NA
Williston Basin,Dicotyledones,HC34,Johnson 1989 Dissertation,1,1,0,1,1,1,0,0,0,NA,2,2,0,6,4,NA,0,NA,NA,NA,NA,NA,NA,NA
Williston Basin,Ulmaceae,HC36,Johnson 1989 Dissertation,2,1,1,0,1,1,0,2,0,1,0,4,0,0,2,NA,NA,NA,NA,NA,NA,NA,1,0
Williston Basin,ÅgFicusÅh,HC4,Johnson 1989 Dissertation,NA,0,1,0,1,1,NA,NA,0,NA,1,3,1,6,NA,NA,0,NA,NA,3,NA,NA,NA,NA
Williston Basin,Magnoliidae,HC43,Johnson 1989 Dissertation,1,1,0,1,1,1,0,0,0,NA,3,0,0,6,NA,NA,NA,NA,NA,NA,NA,NA,NA,NA
Williston Basin,ÅgDryophyllumÅh,HC49,Johnson 1989 Dissertation,NA,0,1,1,0,1,1,1,0,1,0,0,0,1,NA,NA,NA,NA,NA,NA,NA,NA,NA,1
Williston Basin,Platanoids,HC52,Johnson 1989 Dissertation,3,1,1,0,1,1,NA,NA,0,1,0,0,0,0,NA,NA,NA,NA,NA,NA,NA,NA,NA,NA
Williston Basin,Dicotyledones,HC55,Johnson 1989 Dissertation,NA,1,1,0,1,1,NA,NA,0,1,0,1,1,0,NA,NA,NA,NA,NA,NA,NA,NA,1,0
Williston Basin,Dicotyledones,HC56,Johnson 1989 Dissertation,2,1,1,0,1,1,NA,NA,0,1,0,0,0,0,NA,NA,0,NA,NA,NA,NA,NA,NA,1
Williston Basin,Erlingdorfia,HC57-64,Johnson 1989 Dissertation,NA,0,1,1,1,1,NA,NA,1,NA,0,0,2,1,NA,NA,0,NA,NA,NA,NA,NA,NA,1
Williston Basin,Araliaephyllum,HC60,Johnson 1989 Dissertation,1,1,1,1,1,1,NA,NA,1,NA,0,4,2,6,NA,NA,0,NA,NA,NA,NA,NA,NA,NA
Williston Basin,ÅgRhamnusÅh,HC62,Johnson 1989 Dissertation,NA,0,1,0,1,1,0,0,0,1,0,0,0,3,0,NA,0,NA,3,3,NA,NA,NA,1
Williston Basin,Cissites,HC63,Johnson 1989 Dissertation,1,1,1,0,1,1,NA,NA,1,NA,0,2,1,6,NA,NA,NA,NA,NA,NA,NA,NA,NA,NA
Williston Basin,Dicotyledones,HC65,Johnson 1989 Dissertation,2,1,1,0,1,1,0,0,0,NA,NA,0,0,3,1,NA,NA,NA,NA,NA,NA,NA,NA,NA
Williston Basin,Magnoliidae,HC66,Johnson 1989 Dissertation,1.5,0,1,1,1,1,0,0,0,NA,0,4,0,6,NA,NA,0,NA,NA,NA,NA,NA,NA,NA
Williston Basin,Dicotyledones,HC67,Johnson 1989 Dissertation,2,1,0,1,1,1,0,0,0,NA,0,0,0,3,0,NA,0,NA,NA,NA,NA,NA,NA,NA
Williston Basin,Trochodendrales,HC73,Johnson 1989 Dissertation,3,1,1,0,1,1,NA,NA,0,1,0,2,4,NA,NA,NA,NA,NA,NA,NA,NA,0,NA,NA
Williston Basin,Dicotyledones,HC75,Johnson 1989 Dissertation,1,1,1,0,1,1,NA,NA,0,1,0,4,0,1,NA,NA,NA,NA,NA,NA,NA,NA,NA,NA
Williston Basin,Rosaceae,HC80,Johnson 1989 Dissertation,NA,1,1,0,1,1,NA,NA,1,1,1,1,0,0,NA,NA,1,NA,NA,NA,NA,NA,NA,0
Williston Basin,Cannabaceae,HC81,Johnson 1989 Dissertation,NA,1,0,1,1,1,NA,NA,1,1,0,1,2,0,NA,NA,NA,NA,NA,NA,NA,NA,NA,NA
Williston Basin,Laurales,HC84,Johnson 1989 Dissertation,NA,1,1,0,1,1,NA,NA,0,NA,0,0,4,6,NA,NA,NA,NA,NA,NA,NA,NA,NA,NA
Williston Basin,Dicotyledones,HC85,Johnson 1989 Dissertation,1,1,1,0,1,1,NA,NA,0,1,NA,4,2,1,NA,NA,NA,NA,NA,NA,NA,NA,NA,NA
Williston Basin,Leepierceia,HC86,Johnson 1989 Dissertation,NA,1,1,1,0,1,0,0,0,0,0,4,0,6,0,NA,0,NA,NA,NA,NA,1,0,NA
Williston Basin,Laurales,HC87,Johnson 1989 Dissertation,5,0,1,1,1,1,NA,NA,0,NA,NA,0,0,3,NA,NA,NA,NA,NA,NA,NA,NA,NA,NA
Williston Basin,Chloranthaceae,HC88,Johnson 1989 Dissertation,NA,1,1,0,1,1,NA,NA,0,NA,2,NA,0,6,NA,NA,NA,NA,NA,NA,NA,NA,NA,NA
Williston Basin,Dicotyledones,HC91,Johnson 1989 Dissertation,1.5,1,1,0,1,1,0,0,0,1,NA,3,0,1,NA,NA,NA,NA,NA,NA,NA,NA,NA,NA
Williston Basin,ÅgCinnamomumÅh,HC92,Johnson 1989 Dissertation,3,0,1,1,1,1,NA,NA,0,NA,0,0,3,6,NA,NA,0,NA,NA,NA,NA,NA,NA,NA
Williston Basin,ÅgCelastrusÅh,HC94,Johnson 1989 Dissertation,NA,0,1,1,1,1,0,0,0,1,0,0,0,0,NA,NA,0,NA,NA,NA,NA,NA,NA,1
Williston Basin,Platanaceae,HC98,Johnson 1989 Dissertation,1.5,1,1,1,0,1,NA,NA,0,1,0,2,2,0,0,NA,0,NA,NA,NA,NA,NA,NA,1
Williston Basin,Platanaceae,HC99,Johnson 1989 Dissertation,1,1,1,0,1,1,NA,NA,0,1,NA,4,1,0,NA,NA,0,NA,NA,NA,NA,NA,NA,NA
Wind River Interior,Platycarya,castaneopsis,Matt from Wind River paper,NA,0,1,1,1,1,0,0,0,1,NA,0,0,0,1,0,NA,NA,NA,NA,NA,1,0,0
Wind River Interior,Populus,cinnamomoides,Wing 1981,NA,0,1,1,1,1,0,0,NA,1,NA,1,1,3,NA,NA,0,0,3,NA,3,NA,NA,NA
Wind River Interior,NA,DE-D,Currano et al 2010,2,0,1,1,1,1,0,0,0,NA,0,0,0,6,2,2,0,0,3,1,NA,NA,NA,NA
Wind River Interior,Apeiba,improvisa,Matt from Wind River paper,2,0,1,1,1,1,0,NA,0,NA,0,2,1,1,3,3,0,0,1,2,NA,1,0,1
Wind River Interior,Symplocos,incondita,Matt from Wind River paper,4,0,1,1,1,1,0,0,0,NA,0,0,0,6,1,0,0,2,1,NA,4,NA,NA,NA
Wind River Interior,Acrovena,laevis,Matt from Wind River paper,2,0,1,1,1,1,0,0,0,NA,0,2,0,3,2,0,0,0,3,6,NA,NA,NA,NA
Wind River Interior,"""Dombeya""",novi-mundi,Matt from picture in Currano et al 2010,1.7,1,1,0,1,1,0,0,1,1,0,2,1,0,3,2,0,0,1,3,2,0,0,0
Wind River Interior,Platanus,raynoldsii,Matt from Wind River paper,1,1,1,0,1,1,0,0,1,1,0,2,1,0,3,2,0,2,2,2,2,1,0,0
Wind River Interior,NA,WR003,Currano et al 2010,2.5,0,1,1,1,1,0,2,0,1,0,0,0,1,1,2,0,0,1,NA,NA,0,0,1
Wind River Interior,NA,WR014,Currano et al 2010,2,1,1,0,1,1,NA,0,0,NA,NA,2,1,3,0,NA,0,0,3,NA,NA,NA,NA,NA
Wind River Interior,NA,WR017,Currano et al 2010,2,1,1,0,1,1,0,0,0,NA,0,2,0,6,1,2,0,0,NA,6,NA,NA,NA,NA
Wind River Interior,NA,WR020,Currano et al 2010,1,0,1,1,1,1,0,0,0,NA,2,2,1,6,1,2,1,NA,NA,NA,4,NA,NA,NA
Wind River Interior,NA,WR023,Currano et al 2010,3,0,1,1,1,1,0,0,0,NA,0,0,0,3,1,0,0,0,3,1,3,NA,NA,NA
Wind River Interior,NA,WR024,Currano et al 2010,NA,0,1,1,1,1,0,0,0,NA,0,2,1,NA,1,0,0,2,NA,0,NA,NA,NA,NA
Wind River Interior,NA,WR026,Currano et al 2010,2,0,1,1,1,1,0,2,0,NA,0,2,0,6,1,2,0,1,1,1,NA,NA,NA,NA
Winthrop,Araliaephyllum,apiculatum,Miller Dissertation,NA,0,1,0,1,1,0,NA,1,NA,1,3,2,6,0,NA,0,0,NA,NA,NA,NA,NA,NA
Winthrop,Barksdalia,asymmetrica,Miller Dissertation,2,1,1,0,1,1,2,2,0,NA,0,2,0,6,4,NA,0,0,NA,NA,3,NA,NA,NA
Winthrop,Sapindopsis,belviderensis,Miller Dissertation,NA,0,0,1,1,1,1,2,NA,2,1,1,0,2,1,NA,1,NA,NA,NA,NA,0,0,0
Winthrop,Ptarmigania,cordata,Miller Dissertation,NA,1,1,0,1,1,0,0,1,2,2,2,1,2,1,0,1,NA,NA,NA,NA,0,0,0
Winthrop,NA,Dicotylophyllum sp B,Miller Dissertation,1.5,0,0,1,1,1,0,NA,0,NA,2,0,0,6,3,NA,NA,NA,NA,NA,NA,NA,NA,NA
Winthrop,Menispermites,diminutiva,Miller Dissertation,NA,0,1,0,1,1,0,0,0,0,2,3,1,6,1,NA,0,1,1,2,3,0,0,1
Winthrop,Araliaephyllum,elegans,Miller Dissertation,NA,0,1,0,1,1,0,0,1,NA,2,3,1,3,1,NA,NA,NA,NA,NA,NA,NA,NA,NA
Winthrop,Crednaria,fortenervata,Miller Dissertation,1.24,0,1,0,1,1,2,NA,0,NA,0,1,1,7,1,NA,0,2,1,NA,1,NA,NA,NA
Winthrop,Crednaria,gabatula,Miller Dissertation,1,1,1,0,1,1,2,NA,0,NA,0,2,0,6,1,NA,0,2,1,2,0,NA,NA,NA
Winthrop,Trochodendroides,girardii,Miller Dissertation,1,1,1,0,1,1,1,NA,0,1,0,1,1,2,3,NA,0,2,NA,2,NA,0,0,0
Winthrop,Monimiophyllum,glandulosum,Miller Dissertation,NA,1,1,0,1,1,0,2,0,NA,0,0,0,3,1,NA,0,2,3,NA,3,NA,NA,NA
Winthrop,WP 99,GYMNOSPERM,Miller Dissertation,NA,1,1,1,1,1,NA,NA,NA,NA,NA,NA,NA,NA,NA,NA,NA,NA,NA,NA,NA,NA,NA,NA
Winthrop,Okanogia,linearis,Miller Dissertation,NA,1,1,1,0,0,0,2,0,NA,0,0,0,5,0,NA,1,NA,NA,NA,NA,0,0,0
Winthrop,Boeselia,macrophylla,Miller Dissertation,2,0,1,1,1,1,0,0,0,NA,0,0,0,3,1,NA,1,NA,NA,NA,4,NA,NA,NA
Winthrop,Methowia,polymorpha,Miller Dissertation,NA,0,0,0,1,1,0,NA,0,NA,1,1,0,6,0,2,0,2,1,4,3,NA,NA,NA
Winthrop,Twispiopsis,reticulata,Miller Dissertation,2,1,1,0,1,1,0,2,0,2,0,0,0,4,1,NA,1,NA,NA,NA,NA,0,0,0
Winthrop,"""Laurus""",teliformis,Miller Dissertation,NA,0,1,1,0,1,1,NA,NA,NA,0,0,0,3,1,NA,0,0,3,NA,NA,NA,NA,NA
Winthrop,Sapindopsis,ternata,Miller Dissertation,NA,1,0,1,1,1,NA,NA,NA,NA,1,0,0,2,1,NA,1,NA,NA,NA,NA,0,0,0
Winthrop,Trochodendroides,winthropensis,Miller Dissertation,NA,1,1,0,1,1,1,NA,0,1,1,3,2,5,3,NA,NA,NA,NA,NA,NA,0,0,0
Winthrop,Twispiopsis,winthropia,Miller Dissertation,1.5,1,1,0,1,1,0,2,0,2,0,2,0,1,1,NA,1,NA,NA,NA,NA,0,0,0
